time,cash rate target,FX market,FX liquidity,SWIFT payments,unemployment rate,balance of goods,lag 1 growth rate,lag 2 growth rate,lag 3 growth rate,lag 4 growth rate,lag 5 growth rate,Composite BCI,Composite CCI,Industrial retail turnover,USD index,AUD to CNY,AUD to USD,inflation rate original,real GDP growth rate,export index,real GDP gowth rate times BCI,aud cyn times unemplopyement rate,
1999/3/31,4.75,0,97.9586,12565.57,7.011665,-1271,0,0,0,0,0,99.93,101.6,10800.1,97.9586,5.215896,0.630004,0.4,0.009591,103.5662,0.95842863,36.57211543,
1999/4/30,4.75,146,97.9107,13131.6,6.978498,-1628,0,0,0,0,0,100.18,101.58,10870,97.9107,5.32135,0.642735,0,0.002397,105.5187,0.24013146,37.13503033,
1999/5/31,4.75,431,98.9952,13137.9,7.024015,-1368,0,0,0,0,0,100.38,101.49,10898,98.9952,5.476605,0.661541,0,0.002397,105.5187,0.24061086,38.46775567,
1999/6/30,4.75,765,99.5093,14019.86,6.652633,-1263,0,0,0,0,0,100.41,101.3,10907.7,99.5093,5.428241,0.655741,0,0.002397,105.5187,0.24068277,36.11209521,
1999/7/31,4.75,165,97.4715,13669.86,6.674255,-1002,0,0,0,0,0,100.34,101.18,10890.1,97.4715,5.442757,0.657522,0.4,0.014097,110.4774,1.41449298,36.32634812,
1999/8/31,4.75,56,96.6989,12966.23,6.904678,-1234,0,0,0,0,0,100.3,101.12,11093.5,96.6989,5.336036,0.644664,0.4,0.014097,110.4774,1.4139291,36.84361038,
1999/9/30,4.75,503,95.2235,13121.73,7.0403,-1801,0,0,0,0,0,100.36,101.2,11194.9,95.2235,5.373226,0.649139,0.4,0.014097,110.4774,1.41477492,37.82912301,
1999/10/31,4.75,267,95.2186,13185.43,6.775405,-908,0,0,0,0,0,100.49,101.26,11166.7,95.2186,5.389733,0.651133,0.9,0.020825,109.4176,2.09270425,36.51762392,
1999/11/30,4.977273,90,96.4454,12813.36,6.439154,-1227,0.047846947,0.047846947,0,0.047846947,0.047846947,100.63,101.21,11248.7,96.4454,5.292365,0.639452,0.9,0.020825,109.4176,2.09561975,34.07835326,
1999/12/31,5,121,95.8081,13333.19,6.683538,-920,0.004566155,0.052631579,0.047846947,0.052631579,0.052631579,100.75,101.04,11201.2,95.8081,5.304905,0.640741,0.9,0.020825,109.4176,2.09811875,35.45553415,
2000/1/31,5,342,98.1875,12986.58,6.765944,-1194,0,0.004566155,0.052631579,0.052631579,0.052631579,100.81,100.91,11142.5,98.1875,5.43904,0.656945,0.6,0.010667,106.4931,1.07534027,36.80024005,
2000/2/29,5.47619,0,99.3726,14538.29,6.618081,-671,0.095238,0.095238,0.004566155,0.152882105,0.152882105,100.78,100.47,11118.2,99.3726,5.202314,0.628445,0.6,0.010667,106.4931,1.07502026,34.42933544,
2000/3/31,5.5,0,98.0581,14446.3,6.564051,-689,0.004347913,0.1,0.095238,0.105022771,0.157894737,100.62,100.09,11156.1,98.0581,5.0453,0.609442,0.6,0.010667,106.4931,1.07331354,33.11760651,
2000/4/30,5.720588,0,101.8348,15313.35,6.375329,-342,0.040106909,0.044629204,0.1,0.1441176,0.149341818,100.42,99.77,11163.7,101.8348,4.948511,0.597694,0.9,0.00592,105.9145,0.5944864,31.54838569,
2000/5/31,5.978261,0,101.685,13818.39,6.413451,-1330,0.045043097,0.086956545,0.044629204,0.1956522,0.1956522,100.28,99.71,11328.4,101.685,4.786796,0.578246,0.9,0.00592,105.9145,0.5936576,30.69988159,
2000/6/30,6,0,99.941,15482.33,6.114384,-1211,0.003636342,0.048843231,0.086956545,0.095652269,0.2,100.25,100.05,12241.6,99.941,4.918423,0.594214,0.9,0.00592,105.9145,0.59348,30.0731269,
2000/7/31,6,0,102.0877,14279.9,5.953161,-707,0,0.003636342,0.048843231,0.090909091,0.095652269,100.23,100.58,10943.4,102.0877,4.871618,0.588409,0.7,0.005416,100.4636,0.54284568,29.00152628,
2000/8/31,6.23913,0,102.9534,13912.22,6.050418,-1010,0.039855,0.039855,0.003636342,0.090644878,0.134387273,100.02,100.77,11518.8,102.9534,4.811761,0.581161,0.7,0.005416,100.4636,0.54170832,29.11316537,
2000/9/30,6.25,-506,104.0693,14723.19,5.962258,-551,0.00174223,0.041666667,0.039855,0.045454523,0.092545032,99.48,100.43,11736.2,104.0693,4.583182,0.553618,0.7,0.005416,100.4636,0.53878368,27.32611354,
2000/10/31,6.25,-100,106.5658,14487.91,6.008932,-387,0,0.00174223,0.041666667,0.041666667,0.045454523,98.81,100.05,11627,106.5658,4.363777,0.527118,3.8,-0.00486,100.0452,-0.4802166,26.22163926,
2000/11/30,6.25,-860,106.4385,14545.5,6.260883,-291,0,0,0.00174223,0.041666667,0.041666667,98.29,99.85,11629.7,106.4385,4.323174,0.522287,3.8,-0.00486,100.0452,-0.4776894,27.0668866,
2000/12/31,6.25,-50,102.9824,15870.53,6.243012,-240,0,0,0,0.00174223,0.041666667,98.12,99.92,11783.5,102.9824,4.51502,0.547045,3.8,-0.00486,100.0452,-0.4768632,28.18732404,
2001/1/31,6.25,-150,103.975,14230.86,6.137213,-192,0,0,0,0,0.00174223,98.19,100,11896,103.975,4.601191,0.555864,0.3,0.010201,95.54787,1.00163619,28.23848922,
2001/2/28,5.85,-115,105.5054,15356.8,6.50085,985,-0.064,-0.064,0,-0.064,-0.064,98.38,99.75,12095.8,105.5054,4.425243,0.534638,0.3,0.010201,95.54787,1.00357438,28.76784096,
2001/3/31,5.545455,-400,110.1973,16265.64,6.457733,282,-0.052058974,-0.1127272,-0.064,-0.1127272,-0.1127272,98.62,99.27,12176.4,110.1973,4.173004,0.504135,0.3,0.010201,95.54787,1.00602262,26.94814564,
2001/4/30,5.055556,-325,108.4129,17466.72,6.781255,305,-0.088342435,-0.135802393,-0.1127272,-0.19111104,-0.19111104,98.91,99.18,12250.2,108.4129,4.144137,0.500674,1.1,0.0075,97.67972,0.741825,28.10244975,
2001/5/31,5,0,109.8213,14940.65,6.891892,482,-0.010989098,-0.09836073,-0.135802393,-0.2,-0.2,99.26,99.58,12282.6,109.8213,4.301313,0.519654,1.1,0.0075,97.67972,0.74445,29.64418465,
2001/6/30,5,0,110.2966,16322.05,6.932156,614,0,-0.010989098,-0.09836073,-0.145299145,-0.2,99.69,100.19,12365.7,110.2966,4.282948,0.517448,1.1,0.0075,97.67972,0.747675,29.69006368,
2001/7/31,5,-297,109.1778,15754.64,6.878795,842,0,0,-0.010989098,-0.09836073,-0.145299145,100.08,100.55,12436.1,109.1778,4.22013,0.50987,0.8,0.014151,97.34578,1.41623208,29.02940914,
2001/8/31,5,-20,106.6244,15223.22,6.879893,259,0,0,0,-0.010989098,-0.09836073,100.26,100.58,12442.8,106.6244,4.338804,0.5255,0.8,0.014151,97.34578,1.41877926,29.85050727,
2001/9/30,4.775,-778,107.3094,16330.4,6.840605,432,-0.045,-0.045,0,-0.045,-0.055494589,100.09,100.46,12462.2,107.3094,4.18469,0.50559,0.8,0.014151,97.34578,1.41637359,28.62581134,
2001/10/31,4.521739,0,108.6554,15427.78,7.192418,-215,-0.053038953,-0.0956522,-0.045,-0.0956522,-0.0956522,99.79,100.25,12627.1,108.6554,4.183243,0.505417,0.3,0.011875,97.14534,1.18500625,30.08763225,
2001/11/30,4.5,0,108.677,15331.82,6.881952,-72,-0.004807664,-0.057591623,-0.0956522,-0.1,-0.1,99.67,100.36,12704.7,108.677,4.279009,0.516983,0.3,0.011875,97.14534,1.18358125,29.44793455,
2001/12/31,4.276316,0,110.5327,16803.68,6.860336,-65,-0.049707556,-0.054276242,-0.057591623,-0.1447368,-0.1447368,99.92,100.79,12850.6,110.5327,4.257785,0.51442,0.3,0.011875,97.14534,1.18655,29.20983572,
2002/1/31,4.25,0,112.8265,15513.48,6.913929,-258,-0.006153895,-0.055555556,-0.054276242,-0.109947644,-0.15,100.34,101.3,13018.9,112.8265,4.274527,0.516455,0.9,0.011996,98.21783,1.20367864,29.55377619,
2002/2/28,4.25,0,112.6823,15949.35,6.535313,-437,0,-0.006153895,-0.055555556,-0.060096127,-0.109947644,100.67,101.56,12974.7,112.6823,4.247633,0.513205,0.9,0.011996,98.21783,1.20763732,27.75961116,
2002/3/31,4.25,0,111.7899,16512.7,6.429255,-82,0,0,-0.006153895,-0.055555556,-0.060096127,100.69,101.61,13069.4,111.7899,4.3428,0.524681,0.9,0.011996,98.21783,1.20787724,27.92096861,
2002/4/30,4.25,29,108.9262,17155.75,6.344341,-206,0,0,0,-0.006153895,-0.055555556,100.5,101.41,13172.6,108.9262,4.433262,0.5356,0.9,0.015057,101.8954,1.5132285,28.12612587,
2002/5/31,4.445652,170,105.6437,16376.96,6.37148,-823,0.046035765,0.046035765,0,0.046035765,0.03959857,100.26,101.19,13381.8,105.6437,4.556229,0.550471,0.9,0.015057,101.8954,1.50961482,29.02992195,
2002/6/30,4.723684,275,102.202,18722.84,6.495112,-725,0.062540208,0.111455059,0.046035765,0.111455059,0.111455059,100.07,101.03,13272.5,102.202,4.710905,0.569155,0.9,0.015057,101.8954,1.50675399,30.5978556,
2002/7/31,4.75,118,103.5833,18238.09,6.178652,-596,0.005571075,0.0684597,0.111455059,0.117647059,0.117647059,99.93,100.86,13351.1,103.5833,4.586042,0.554083,0.7,0.002869,105.4515,0.28669917,28.33555758,
2002/8/31,4.75,206,102.9413,17063.5,6.34809,-791,0,0.005571075,0.0684597,0.117647059,0.117647059,99.88,100.67,13485.3,102.9413,4.491505,0.542668,0.7,0.002869,105.4515,0.28655572,28.51247798,
2002/9/30,4.75,152,103.5578,16727.24,6.311068,-1028,0,0,0.005571075,0.0684597,0.117647059,99.94,100.54,13525.8,103.5578,4.525568,0.546855,0.7,0.002869,105.4515,0.28672786,28.56116739,
2002/10/31,4.75,203,103.2141,16342.09,6.127301,-1464,0,0,0,0.005571075,0.0684597,100.04,100.45,13474.3,103.2141,4.552122,0.54997,0.7,0.009843,101.9626,0.98469372,27.89222168,
2002/11/30,4.75,181,103.1296,16583.52,6.161504,-1160,0,0,0,0,0.005571075,100.14,100.53,13756.4,103.1296,4.644386,0.561114,0.7,0.009843,101.9626,0.98567802,28.61640292,
2002/12/31,4.75,201,100.2577,17514.7,6.181163,-2434,0,0,0,0,0,100.21,100.62,13724.1,100.2577,4.6639,0.563462,0.7,0.009843,101.9626,0.98636703,28.82832612,
2003/1/31,4.75,486,98.3091,16950.76,6.081049,-1136,0,0,0,0,0,100.24,100.63,13742.8,98.3091,4.823823,0.582809,0.6,0.003827,104.6161,0.38361848,29.33390403,
2003/2/28,4.75,432,97.3887,17563.8,5.953864,-1670,0,0,0,0,0,100.27,100.39,13746.6,97.3887,4.926586,0.595162,0.6,0.003827,104.6161,0.38373329,29.33222303,
2003/3/31,4.75,381,96.5982,18404.67,6.130254,-1602,0,0,0,0,0,100.32,100.39,13844.2,96.5982,4.986055,0.602382,0.6,0.003827,104.6161,0.38392464,30.56578361,
2003/4/30,4.75,547,94.9386,18867.79,6.02839,-2388,0,0,0,0,0,100.4,100.73,13995.3,94.9386,5.046785,0.609725,1.3,0.00515,108.7736,0.51706,30.42398823,
2003/5/31,4.75,986,91.6261,17578.86,6.068085,-2047,0,0,0,0,0,100.56,101.07,14092.6,91.6261,5.357013,0.647222,1.3,0.00515,108.7736,0.517884,32.50681023,
2003/6/30,4.75,1100,92.1029,19622.2,6.053994,-2295,0,0,0,0,0,100.81,101.37,14075.2,92.1029,5.49931,0.664405,1.3,0.00515,108.7736,0.5191715,33.29278974,
2003/7/31,4.75,1080,94.3995,19166.22,6.126771,-2274,0,0,0,0,0,101.06,101.52,14304.5,94.3995,5.477492,0.661754,0,0.020723,116.2294,2.09426638,33.55933914,
2003/8/31,4.75,939,94.3449,18714.86,5.817016,-1747,0,0,0,0,0,101.15,101.52,14396.6,94.3449,5.3854,0.650648,0,0.020723,116.2294,2.09613145,31.32695797,
2003/9/30,4.75,1003,90.128,18670.09,5.774416,-2187,0,0,0,0,0,100.96,101.52,14578.7,90.128,5.481335,0.662226,0,0.020723,116.2294,2.09219408,31.65150853,
2003/10/31,4.75,1772,89.1992,18178.83,5.782548,-2290,0,0,0,0,0,100.65,101.53,14733.9,89.1992,5.748396,0.694522,0.6,0.021638,119.1882,2.1778647,33.24037579,
2003/11/30,4.975,1900,87.3502,18482.45,5.660666,-1707,0.047368421,0.047368421,0,0.047368421,0.047368421,100.4,101.47,14916.1,87.3502,5.927019,0.71609,0.6,0.021638,119.1882,2.1724552,33.55087493,
2003/12/31,5.22619,1676,84.8884,19747.48,5.680417,-2199,0.050490452,0.100250526,0.047368421,0.100250526,0.100250526,100.34,101.53,14885.7,84.8884,6.115495,0.738855,0.6,0.021638,119.1882,2.17115692,34.73856176,
2004/1/31,5.25,1855,85.626,18638.1,5.530348,-1851,0.0045559,0.055276382,0.100250526,0.105263158,0.105263158,100.41,101.78,15029.5,85.626,6.366886,0.769229,0.5,0.014249,125.8203,1.43074209,35.21109526,
2004/2/29,5.25,1451,86.2937,19754,5.641925,-1887,0,0.0045559,0.055276382,0.105263158,0.105263158,100.49,101.87,15038.8,86.2937,6.43451,0.777386,0.5,0.014249,125.8203,1.43188201,36.30302283,
2004/3/31,5.25,258,85.3923,20610,5.436614,-2242,0,0,0.0045559,0.055276382,0.105263158,100.52,101.8,15149.1,85.3923,6.209079,0.750163,0.5,0.014249,125.8203,1.43230948,33.75636582,
2004/4/30,5.25,109,88.815,20704.65,5.506048,-1665,0,0,0,0.0045559,0.055276382,100.52,101.73,15116,88.815,6.150495,0.74309,0.9,0.01259,132.1201,1.2655468,33.86492069,
2004/5/31,5.25,242,87.7243,19589.33,5.33594,-1917,0,0,0,0,0.0045559,100.51,101.66,15208.3,87.7243,5.842355,0.70585,0.9,0.01259,132.1201,1.2654209,31.17445574,
2004/6/30,5.25,408,87.3441,21824.81,5.462574,-2137,0,0,0,0,0,100.53,101.67,15367,87.3441,5.743527,0.693941,0.9,0.01259,132.1201,1.2656727,31.37444126,
2004/7/31,5.25,259,87.8202,20055.14,5.549358,-2453,0,0,0,0,0,100.54,101.86,15355.3,87.8202,5.922948,0.715617,0.5,0.00793,125.7666,0.7972822,32.86855887,
2004/8/31,5.25,173,86.8051,18704.05,5.516497,-1778,0,0,0,0,0,100.54,102,15347.6,86.8051,5.876609,0.710009,0.5,0.00793,125.7666,0.7972822,32.41829592,
2004/9/30,5.25,89,85.2055,19854.5,5.369685,-2081,0,0,0,0,0,100.49,102.05,15613.8,85.2055,5.809591,0.701926,0.5,0.00793,125.7666,0.7968857,31.19567365,
2004/10/31,5.25,277,82.6304,19978.9,5.121862,-2148,0,0,0,0,0,100.39,102.04,15458.5,82.6304,6.072924,0.733752,0.4,0.009505,124.6022,0.95420695,31.10467866,
2004/11/30,5.25,524,79.9112,19426.09,5.16037,-2450,0,0,0,0,0,100.24,102.1,15434.9,79.9112,6.366757,0.769257,0.4,0.009505,124.6022,0.9527812,32.85482182,
2004/12/31,5.25,330,79.4917,22146.57,5.067713,-2359,0,0,0,0,0,100.03,102.18,15428.8,79.4917,6.358582,0.768268,0.4,0.009505,124.6022,0.95078515,32.22346866,
2005/1/31,5.25,220,81.6728,20156.74,5.072468,-1898,0,0,0,0,0,99.84,102.28,15439,81.6728,6.33338,0.765225,0.7,0.012492,129.5608,1.24720128,32.12586738,
2005/2/28,5.25,360,80.8079,20104.05,5.083152,-2218,0,0,0,0,0,99.76,101.89,15583.4,80.8079,6.465681,0.78121,0.7,0.012492,129.5608,1.24620192,32.86603931,
2005/3/31,5.488095,515,81.7542,21830.43,5.161945,-2393,0.045351429,0.045351429,0,0.045351429,0.045351429,99.86,101.2,15539.1,81.7542,6.498932,0.785227,0.7,0.012492,129.5608,1.24745112,33.54712954,
2005/4/30,5.5,492,82.3876,21300.05,5.120924,-956,0.002169241,0.047619048,0.045351429,0.047619048,0.047619048,100.01,100.95,15406.9,82.3876,6.396429,0.772843,0.7,0.01713,131.1727,1.7131713,32.75562678,
2005/5/31,5.5,195,84.6087,19679.32,5.098589,-1313,0,0.002169241,0.047619048,0.047619048,0.047619048,100.02,101.07,15591.4,84.6087,6.337574,0.76573,0.7,0.01713,131.1727,1.7133426,32.31268508,
2005/6/30,5.5,541,85.3391,21817.71,4.949332,-1587,0,0,0.002169241,0.047619048,0.047619048,99.76,101.11,15732.3,85.3391,6.344586,0.766577,0.7,0.01713,131.1727,1.7088888,31.40146252,
2005/7/31,5.5,329,85.6004,21282.19,4.970967,-1150,0,0,0,0.002169241,0.047619048,99.38,101.01,15705.7,85.6004,6.189986,0.752764,0.6,0.01136,131.6084,1.1289568,30.77021614,
2005/8/31,5.5,281,83.8601,19707.22,4.900898,-1617,0,0,0,0,0.002169241,99.1,100.83,15810.6,83.8601,6.162761,0.760687,0.6,0.01136,131.6084,1.125776,30.20306306,
2005/9/30,5.5,312,84.3793,20913.68,5.001323,-1689,0,0,0,0,0,99.06,100.32,15803.7,84.3793,6.191391,0.765117,0.6,0.01136,131.6084,1.1253216,30.96514621,
2005/10/31,5.5,186,85.4842,20877.86,5.014939,-1387,0,0,0,0,0,99.19,100.1,15793.2,85.4842,6.096552,0.753676,1,0.01379,132.7587,1.3678301,30.57383639,
2005/11/30,5.5,168,86.3872,20360.55,4.937159,-2054,0,0,0,0,0,99.35,100.26,15871.6,86.3872,5.946504,0.735604,1,0.01379,132.7587,1.3700365,29.35883574,
2005/12/31,5.5,352,86.0274,23608.1,5.068953,-658,0,0,0,0,0,99.46,100.51,15934.4,86.0274,5.996852,0.742586,1,0.01379,132.7587,1.3715534,30.39776094,
2006/1/31,5.5,214,84.1424,20793.45,5.161248,-2235,0,0,0,0,0,99.51,100.9,16043.1,84.1424,6.047495,0.749829,0.5,0.005451,132.4225,0.54242901,31.21262147,
2006/2/28,5.5,91,84.72052,21780.5,5.102521,-600,0,0,0,0,0,99.52,101.1,16183.9,84.72052,5.968448,0.741471,0.5,0.005451,132.4225,0.54248352,30.45413126,
2006/3/31,5.5,337,85.22525,22959.39,4.866342,-1247,0,0,0,0,0,99.5,101.14,16262.5,85.22525,5.842363,0.727254,0.5,0.005451,132.4225,0.5423745,28.43093645,
2006/4/30,5.5,237,81.86171,24915.47,4.964573,-1380,0,0,0,0,0,99.49,100.97,16456.9,81.86171,5.898883,0.736089,0.8,0.003766,130.637,0.37467934,29.28543527,
2006/5/31,5.728261,156,80.5188,21877.91,4.797451,-2746,0.041502,0.041502,0,0.041502,0.041502,99.55,100.65,16519.9,80.5188,6.116942,0.763338,0.8,0.003766,130.637,0.3749053,29.34572951,
2006/6/30,5.75,620,81.34269,23879.33,4.807424,-999,0.003795044,0.045454545,0.041502,0.045454545,0.045454545,99.73,100.37,16645.5,81.34269,5.927032,0.740386,0.8,0.003766,130.637,0.37558318,28.49375589,
2006/7/31,5.75,216,81.60841,22491.86,4.655795,-866,0,0.003795044,0.045454545,0.045454545,0.045454545,99.96,100.09,16676.9,81.60841,6.0087,0.752086,1.7,0.01705,131.0814,1.704318,27.97527542,
2006/8/31,5.98913,206,81.16024,21633.74,4.711726,-745,0.041587826,0.041587826,0.003795044,0.088932727,0.088932727,100.14,99.72,16743.3,81.16024,6.082474,0.762996,1.7,0.01705,131.0814,1.707387,28.65895089,
2006/9/30,6,552,81.89409,23014.76,4.66521,-1457,0.001814955,0.043478261,0.041587826,0.047438306,0.090909091,100.2,99.8,16816.1,81.89409,5.999209,0.756232,1.7,0.01705,131.0814,1.70841,27.98756982,
2006/10/31,6,233,81.48735,22171.86,4.462476,-1733,0,0.001814955,0.043478261,0.043478261,0.047438306,100.19,99.96,16990.5,81.48735,5.961182,0.754555,0.9,0.018896,133.629,1.89319024,26.60163161,
2006/11/30,6.193182,246,80.30304,22472.05,4.514305,-747,0.032197,0.032197,0.001814955,0.07707513,0.07707513,100.18,100.07,17001.5,80.30304,6.074813,0.772635,0.9,0.018896,133.629,1.89300128,27.4235587,
2006/12/31,6.25,544,81.47238,25466.63,4.567221,-1602,0.009174282,0.041666667,0.032197,0.043557245,0.086956522,100.21,100.56,17049.4,81.47238,6.151365,0.78637,0.9,0.018896,133.629,1.89356816,28.09464341,
2007/1/31,6.25,265,82.53435,22677.86,4.55285,-1492,0,0.009174282,0.041666667,0.041666667,0.043557245,100.25,101.11,17236.9,82.53435,6.101732,0.783359,-0.1,0.02011,134.96,2.0160275,27.78027054,
2007/2/28,6.25,257,81.44947,23591.7,4.633572,-1371,0,0,0.009174282,0.041666667,0.041666667,100.24,101.46,17440.4,81.44947,6.06471,0.782552,-0.1,0.02011,134.96,2.0158264,28.10127044,
2007/3/31,6.25,586,80.58364,25447.27,4.458973,-1930,0,0,0,0.009174282,0.041666667,100.13,101.71,17664.4,80.58364,6.132952,0.792578,-0.1,0.02011,134.96,2.0136143,27.34666738,
2007/4/30,6.25,354,78.88911,26942.67,4.385135,-1521,0,0,0,0,0.009174282,100.02,101.94,17542,78.88911,6.381758,0.826289,0,0.004748,137.1032,0.47489496,27.98487037,
2007/5/31,6.25,480,78.86112,23863.52,4.2638,-1711,0,0,0,0,0,100,102.22,17543.8,78.86112,6.332917,0.825142,0,0.004748,137.1032,0.4748,27.0022915,
2007/6/30,6.25,618,78.5445,27687.95,4.323524,-2407,0,0,0,0,0,100.18,102.24,17817.7,78.5445,6.428524,0.842567,0,0.004748,137.1032,0.47565464,27.7938778,
2007/7/31,6.25,396,77.58525,25769.09,4.252344,-1641,0,0,0,0,0,100.46,102.01,17959.6,77.58525,6.568196,0.867074,1.3,0.009768,143.6137,0.98129328,27.93022885,
2007/8/31,6.454545,269,77.39122,26307.43,4.298632,-2215,0.0327272,0.0327272,0,0.0327272,0.0327272,100.69,101.68,18062.6,77.39122,6.269813,0.827878,1.3,0.009768,143.6137,0.98353992,26.9516188,
2007/9/30,6.5,432,74.38995,25656.6,4.212602,-2732,0.007042324,0.04,0.0327272,0.04,0.04,100.78,101.57,18259.4,74.38995,6.379675,0.848175,1.3,0.009768,143.6137,0.98441904,26.87503166,
2007/10/31,6.5,237,72.58399,25709.35,4.325446,-3201,0,0.007042324,0.04,0.04,0.04,100.73,101.49,18296.3,72.58399,6.74603,0.8994,0.7,0.007513,145.2869,0.75678449,29.17958848,
2007/11/30,6.704088,231,73.11595,27397.55,4.426081,-2104,0.031398154,0.031398154,0.007042324,0.07265408,0.07265408,100.56,101.33,18401,73.11595,6.662639,0.898135,0.7,0.007513,145.2869,0.75550728,29.48937989,
2007/12/31,6.748923,546,73.35656,29086.79,4.307604,-2266,0.006687711,0.038295846,0.031398154,0.045607862,0.07982768,100.24,101.08,18473,73.35656,6.432615,0.873045,0.7,0.007513,145.2869,0.75310312,27.7091581,
2008/1/31,6.74983,208,72.57054,27048,4.221229,-2161,0.000134392,0.006823001,0.038295846,0.038435385,0.045748384,99.85,100.53,18434.6,72.57054,6.385823,0.881827,0.9,0.015982,149.7039,1.5958027,26.95602124,
2008/2/29,6.96427,343,71.01864,27270.14,3.978118,-3297,0.031769689,0.03190835,0.006823001,0.071426154,0.071426154,99.46,99.73,18407.9,71.01864,6.549095,0.91435,0.9,0.015982,149.7039,1.58956972,26.0530727,
2008/3/31,7.223724,295,70.50012,30743.11,4.056472,-2352,0.037255017,0.070208287,0.03190835,0.077510319,0.111342154,99.14,99.03,18473.2,70.50012,6.547415,0.92559,0.9,0.015982,149.7039,1.58445548,26.55940562,
2008/4/30,7.249712,305,71.0429,28715.86,4.264671,-1049,0.00359759,0.040986636,0.070208287,0.074202802,0.08138676,98.95,98.64,18498.9,71.0429,6.509314,0.929977,1.3,0.02089,149.5537,2.0670655,27.76008265,
2008/5/31,7.249974,336,70.80431,26800.55,4.265799,-1644,3.61394E-05,0.00363386,0.040986636,0.074097274,0.074241623,98.94,98.46,18521.4,70.80431,6.619296,0.94943,1.3,0.02089,149.5537,2.0668566,28.23658626,
2008/6/30,7.249987,875,71.00764,30049.95,4.243038,-1217,1.79311E-06,3.79325E-05,0.00363386,0.041026123,0.0740992,99.17,98.24,18392.7,71.00764,6.559957,0.951386,1.3,0.02089,149.5537,2.0716613,27.83414683,
2008/7/31,7.250017,300,71.76669,28132.39,4.249388,-998,4.13794E-06,5.93106E-06,3.79325E-05,0.003639812,0.041030431,99.42,98.12,18682.2,71.76669,6.575258,0.961733,1.4,0.020475,155.8053,2.0356245,27.94082244,
2008/8/31,7.250002,307,75.3011,29149.29,4.015025,273,-2.06896E-06,2.06897E-06,5.93106E-06,4.00016E-05,0.003637736,99.36,98.3,18602.6,75.3011,6.03089,0.88019,1.4,0.020475,155.8053,2.034396,24.21417412,
2008/9/30,7.022727,407,76.51939,29680.23,4.288448,378,-0.031348267,-0.031350271,2.06897E-06,-0.031344526,-0.03130952,98.76,98.46,18521.1,76.51939,5.603861,0.819604,1.4,0.020475,155.8053,2.022111,24.0318665,
2008/10/31,6.181818,-3150,83.54965,32573.52,4.28931,2527,-0.119741092,-0.147335684,-0.031350271,-0.147333919,-0.14733239,97.9,98.4,18703.8,83.54965,4.705548,0.688504,1.2,-0.01051,151.3559,-1.028929,20.18355409,
2008/11/30,5.325163,-134,84.2655,28739.2,4.462172,935,-0.138576548,-0.241724333,-0.147335684,-0.265496481,-0.265493442,97.16,98.5,18761.2,84.2655,4.477371,0.655752,1.2,-0.01051,151.3559,-1.0211516,19.97879951,
2008/12/31,4.345261,1102,80.54949,29484.33,4.569278,-187,-0.184013522,-0.297090112,-0.241724333,-0.400653821,-0.400655061,96.84,98.68,19530.9,80.54949,4.592155,0.670105,1.2,-0.01051,151.3559,-1.0177884,20.98283281,
2009/1/31,4.250001,383,83.9575,26717.2,4.907057,845,-0.021922734,-0.201902177,-0.297090112,-0.394821841,-0.413793127,96.83,98.67,19465.5,83.9575,4.62561,0.676743,-0.3,-0.00131,120.7424,-0.1268473,22.69813193,
2009/2/28,3.35,229,86.15914,28885.45,5.301001,2786,-0.211764891,-0.22904516,-0.201902177,-0.458088219,-0.522977328,97.06,98.56,19211.7,86.15914,4.43501,0.648843,-0.3,-0.00131,120.7424,-0.1271486,23.50999245,
2009/3/31,3.249979,718,84.25129,28830.59,5.710476,2462,-0.029857015,-0.235299239,-0.22904516,-0.389693987,-0.474268088,97.52,98.58,19719.3,84.25129,4.549222,0.665578,-0.3,-0.00131,120.7424,-0.1277512,25.97822305,
2009/4/30,3.062571,512,82.43095,29180,5.511997,78,-0.057664373,-0.085799701,-0.235299239,-0.295192855,-0.4248869,98.12,98.83,19744.5,82.43095,4.869357,0.712867,0.1,-0.01446,121.7594,-1.4188152,26.83988118,
2009/5/31,3,1433,76.89739,27069.76,5.811404,-928,-0.020430873,-0.076917112,-0.085799701,-0.294117813,-0.30959268,98.83,99.2,19940.1,76.89739,5.212927,0.763864,0.1,-0.01446,121.7594,-1.4290818,30.29442482,
2009/6/30,3.000062,1943,78.45691,29700.24,5.86113,-1020,2.06667E-05,-0.020410629,-0.076917112,-0.104459105,-0.294103225,99.63,99.92,19832.9,78.45691,5.485323,0.802668,0.1,-0.01446,121.7594,-1.4406498,32.15019119,
2009/7/31,3,705,75.69322,27968.74,5.6712,-1525,-2.06662E-05,0,-0.020410629,-0.076917112,-0.104477612,100.37,100.73,19593.6,75.69322,5.499946,0.804958,0.4,-0.00031,136.4727,-0.0311147,31.19129376,
2009/8/31,3,576,75.8421,27102.95,5.714384,-1463,0,-2.06662E-05,0,-0.020430873,-0.076917112,100.85,101.4,19659.3,75.8421,5.703081,0.834652,0.4,-0.00031,136.4727,-0.0312635,32.58959482,
2009/9/30,3,830,74.41067,27381.09,5.660977,-2019,0,0,-2.06662E-05,0,-0.020430873,100.87,101.87,19649.3,74.41067,5.885578,0.861935,0.4,-0.00031,136.4727,-0.0312697,33.31812169,
2009/10/31,3.214286,307,74.05955,27357.09,5.622656,-1813,0.071428667,0.071428667,0,0.071406524,0.071428667,100.66,102.04,19754.1,74.05955,6.207755,0.909305,1,0.015501,145.6883,1.56033066,34.9040709,
2009/11/30,3.47619,313,72.66862,27446.67,5.557832,-1682,0.081481237,0.15873,0.071428667,0.15873,0.158706053,100.43,101.96,20134.6,72.66862,6.282141,0.920114,1,0.015501,145.6883,1.55676543,34.91508428,
2009/12/31,3.738095,946,74.74606,30759.52,5.490349,-1779,0.075342545,0.162962786,0.15873,0.246031667,0.246031667,100.34,101.86,19991.5,74.74606,6.162177,0.902495,1,0.015501,145.6883,1.55537034,33.83250233,
2010/1/31,3.75,295,75.91811,28750.95,5.265012,-822,0.003184777,0.078767271,0.162962786,0.25,0.25,100.34,101.89,20053.3,75.91811,6.243547,0.914495,0.5,0.016941,155.1961,1.69985994,32.87234988,
2010/2/28,3.75,424,76.22298,29911.2,5.296288,-955,0,0.003184777,0.078767271,0.166666563,0.25,100.34,101.84,19891.8,76.22298,6.053705,0.886443,0.5,0.016941,155.1961,1.69985994,32.06216515,
2010/3/31,3.9775,892,76.14469,29947.39,5.421877,-1391,0.060666667,0.060666667,0.003184777,0.144212486,0.237444334,100.25,101.68,19939.8,76.14469,6.227108,0.912175,0.5,0.016941,155.1961,1.69833525,33.76261364,
2010/4/30,4.2225,350,76.57705,31763.68,5.497578,896,0.06159648,0.126,0.060666667,0.129586059,0.214691947,100.12,101.37,20160.2,76.57705,6.32538,0.92667,1,0.032001,156.0236,3.20394012,34.77426993,
2010/5/31,4.475,445,80.05236,30867.33,5.229284,1260,0.059798697,0.125078567,0.126,0.193333333,0.197133834,100,100.96,20200.6,80.05236,5.9448,0.870677,1,0.032001,156.0236,3.2001,31.08704752,
2010/6/30,4.5,1229,79.67825,32266.24,5.143996,2165,0.005586592,0.065719361,0.125078567,0.2,0.2,99.92,100.83,20277.7,79.67825,5.815109,0.852886,1,0.032001,156.0236,3.19753992,29.91289744,
2010/7/31,4.5,570,76.24394,30468.59,5.286177,1825,0,0.005586592,0.065719361,0.131363922,0.2,99.88,101.18,20385.6,76.24394,5.931739,0.875365,0.6,0.009009,154.4335,0.89981892,31.35622227,
2010/8/31,4.5,397,77.65272,28670.59,5.032046,1616,0,0,0.005586592,0.065719361,0.131363922,99.85,101.54,20442.5,77.65272,6.107632,0.899673,0.6,0.009009,154.4335,0.89954865,30.73388518,
2010/9/30,4.5,526,74.39427,29195.18,5.053481,1655,0,0,0,0.005586592,0.065719361,99.82,101.6,20429.4,74.39427,6.316513,0.937148,0.6,0.009009,154.4335,0.89927838,31.92037843,
2010/10/31,4.5,305,73.03613,29733.52,5.283818,1758,0,0,0,0,0.005586592,99.83,101.54,20237.6,73.03613,6.541186,0.980948,0.7,0.013104,154.7288,1.30817232,34.56243633,
2010/11/30,4.7275,342,75.64317,29430.27,5.108449,2071,0.050555556,0.050555556,0,0.050555556,0.050555556,99.97,101.29,20371.8,75.64317,6.580339,0.988917,0.7,0.013104,154.7288,1.31000688,33.61532618,
2010/12/31,4.75,855,74.06496,32496.38,4.876114,1646,0.004759387,0.055555556,0.050555556,0.055555556,0.055555556,100.3,101.01,20448.3,74.06496,6.594164,0.9921,0.7,0.013104,154.7288,1.3143312,32.1538954,
2011/1/31,4.75,326,72.93967,33352.26,5.002188,1904,0,0.004759387,0.055555556,0.055555556,0.055555556,100.65,100.73,20435.8,72.93967,6.55952,0.99399,0.4,0.007876,163.622,0.7927194,32.81195223,
2011/2/28,4.75,414,71.96038,30932.15,4.970075,444,0,0,0.004759387,0.055555556,0.055555556,100.82,100.59,20634.3,71.96038,6.63529,1.008962,0.4,0.007876,163.622,0.79405832,32.97788895,
2011/3/31,4.75,699,71.29197,31610.3,4.925752,2663,0,0,0,0.004759387,0.055555556,100.63,100.49,20514.9,71.29197,6.638158,1.011017,0.4,0.007876,163.622,0.79256188,32.69792004,
2011/4/30,4.75,570,68.87322,34108.33,4.958268,1979,0,0,0,0,0.004759387,100.23,100.4,20732.4,68.87322,6.901584,1.057247,1.4,0.017956,165.5777,1.79972988,34.2199031,
2011/5/31,4.75,601,70.22628,30689.77,5.013259,2345,0,0,0,0,0,99.83,100.2,20654.8,70.22628,6.942587,1.06893,1.4,0.017956,165.5777,1.79254748,34.80498676,
2011/6/30,4.75,1280,69.91634,33423.9,4.91693,1729,0,0,0,0,0,99.56,99.83,20590.9,69.91634,6.868623,1.060905,1.4,0.017956,165.5777,1.78769936,33.77253849,
2011/7/31,4.75,605,69.06826,32096.52,5.09035,1331,0,0,0,0,0,99.41,99.4,20777.6,69.06826,6.957391,1.077414,0.9,0.017551,172.3495,1.74474491,35.41555528,
2011/8/31,4.75,367,69.70041,32448.3,5.270192,2668,0,0,0,0,0,99.36,99.23,20896.9,69.70041,6.719357,1.049391,0.9,0.017551,172.3495,1.74386736,35.41230151,
2011/9/30,4.75,641,73.83018,32995.32,5.220839,2011,0,0,0,0,0,99.41,99.41,20886.6,73.83018,6.529017,1.021861,0.9,0.017551,172.3495,1.74474491,34.08694659,
2011/10/31,4.75,401,71.3788,32326.38,5.186841,1787,0,0,0,0,0,99.51,99.64,20965.1,71.3788,6.468371,1.015295,0.6,0.000934,167.9854,0.09294234,33.55041191,
2011/11/30,4.5125,330,73.32714,32258.77,5.230556,1320,-0.05,-0.05,0,-0.05,-0.05,99.61,99.8,21009.6,73.32714,6.418526,1.009887,0.6,0.000934,167.9854,0.09303574,33.57245968,
2011/12/31,4.3,737,74.33069,35955.55,5.195836,1776,-0.047091413,-0.094736842,-0.05,-0.094736842,-0.094736842,99.7,99.72,21037.1,74.33069,6.425619,1.01189,0.6,0.000934,167.9854,0.0931198,33.38646252,
2012/1/31,4.25,383,73.56327,31193.95,5.04654,-1490,-0.011627907,-0.058171745,-0.094736842,-0.105263158,-0.105263158,99.78,99.71,20966.7,73.56327,6.569195,1.03999,0,-0.00024,165.6533,-0.0239472,33.15170534,
2012/2/29,4.25,372,72.97382,33519.81,5.19005,11,0,-0.011627907,-0.058171745,-0.105263158,-0.105263158,99.86,99.72,21030.6,72.97382,6.759445,1.072968,0,-0.00024,165.6533,-0.0239664,35.08185752,
2012/3/31,4.25,944,73.56378,33814.32,5.182432,-957,0,0,-0.011627907,-0.058171745,-0.105263158,99.95,99.58,21239.9,73.56378,6.6523,1.053713,0,-0.00024,165.6533,-0.023988,34.47509239,
2012/4/30,4.25,366,73.09303,37082.61,4.993206,54,0,0,0,-0.011627907,-0.058171745,100.06,99.46,21279.2,73.09303,6.530605,1.035574,0.1,0.004379,172.0957,0.43816274,32.60865607,
2012/5/31,3.7725,589,76.57418,33988.57,5.200591,-47,-0.112352941,-0.112352941,0,-0.112352941,-0.122674419,100.16,99.44,21452.1,76.57418,6.315558,0.998171,0.1,0.004379,172.0957,0.43860064,32.84463409,
2012/6/30,3.5375,1256,75.38057,36956,5.163001,-288,-0.062292909,-0.167647059,-0.112352941,-0.167647059,-0.167647059,100.27,99.52,21709.4,75.38057,6.361552,0.999614,0.1,0.004379,172.0957,0.43908233,32.84469934,
2012/7/31,3.5,528,75.48659,34399,5.17943,-249,-0.010600707,-0.072233267,-0.167647059,-0.176470588,-0.176470588,100.34,99.63,21574.3,75.48659,6.565113,1.030278,0.5,-0.00383,167.0442,-0.3843022,34.00354323,
2012/8/31,3.5,351,74.47053,32921.91,5.156985,-1196,0,-0.010600707,-0.072233267,-0.176470588,-0.176470588,100.31,99.68,21599.8,74.47053,6.652861,1.046074,0.5,-0.00383,167.0442,-0.3841873,34.30870438,
2012/9/30,3.5,396,73.59422,34588.15,5.487326,-945,0,0,-0.010600707,-0.072233267,-0.176470588,100.15,99.76,21684.6,73.59422,6.571748,1.039795,0.5,-0.00383,167.0442,-0.3835745,36.06132367,
2012/10/31,3.2725,275,74.02311,33838.87,5.409598,-982,-0.065,-0.065,0,-0.074911661,-0.132538105,99.93,99.9,21621,74.02311,6.447983,1.029587,1.4,0.001145,171.9325,0.11441985,34.88099594,
2012/11/30,3.25,414,74.13919,33349.73,5.256305,-1269,-0.006875477,-0.071428571,-0.065,-0.071428571,-0.081272085,99.76,100.06,21566.4,74.13919,6.488739,1.041113,1.4,0.001145,171.9325,0.1142252,34.10679125,
2012/12/31,3.0275,752,74.22467,37333.63,5.431239,-197,-0.068461538,-0.07486631,-0.071428571,-0.135,-0.135,99.7,100.14,21610.7,74.22467,6.52078,1.046415,1.4,0.001145,171.9325,0.1141565,35.41591465,
2013/1/31,3,393,74.20117,33997.1,5.388182,-581,-0.009083402,-0.076923077,-0.07486631,-0.142857143,-0.142857143,99.73,100.33,21740.1,74.20117,6.5317,1.049791,0.2,0.006739,170.4558,0.67208047,35.19398837,
2013/2/28,3,328,76.50079,36273.95,5.392612,-310,0,-0.009083402,-0.076923077,-0.083269672,-0.142857143,99.79,100.62,21987.5,76.50079,6.430729,1.03171,0.2,0.006739,170.4558,0.67248481,34.67842637,
2013/3/31,3,577,77.03689,37472.65,5.639586,612,0,0,-0.009083402,-0.076923077,-0.083269672,99.86,100.7,21865.5,77.03689,6.42581,1.033752,0.2,0.006739,170.4558,0.67295654,36.23890811,
2013/4/30,3,382,76.19034,38405.45,5.58699,459,0,0,0,-0.009083402,-0.076923077,99.91,100.44,21875.2,76.19034,6.424624,1.038633,0.4,0.002804,174.5623,0.28014764,35.89431004,
2013/5/31,2.8,490,78.04881,37385.61,5.610153,877,-0.066666667,-0.066666667,0,-0.066666667,-0.075144509,99.96,100.13,22002.9,78.04881,6.085396,0.990854,0.4,0.002804,174.5623,0.28028784,34.14000263,
2013/6/30,2.75,993,78.29661,41030.42,5.6959,814,-0.017857143,-0.083333333,-0.066666667,-0.083333333,-0.083333333,99.99,100.11,21993.4,78.29661,5.78265,0.942445,0.4,0.002804,174.5623,0.28037196,32.93739614,
2013/7/31,2.75,436,77.08458,37327.04,5.632587,181,0,-0.017857143,-0.083333333,-0.083333333,-0.083333333,100.05,100.28,22044.6,77.08458,5.623096,0.916654,0.4,0.004054,170.0879,0.4056027,31.67257743,
2013/8/31,2.55,482,77.75603,36382.32,5.843633,431,-0.072727273,-0.072727273,-0.017857143,-0.15,-0.15,100.16,100.59,22200.2,77.75603,5.532905,0.903886,0.4,0.004054,170.0879,0.40604864,32.33226624,
2013/9/30,2.5,663,75.84751,36352.71,5.704915,1019,-0.019607843,-0.090909091,-0.072727273,-0.107142857,-0.166666667,100.35,100.87,22354.5,75.84751,5.678473,0.927927,0.4,0.004054,170.0879,0.4068189,32.39520579,
2013/10/31,2.5,648,76.07266,36371.35,5.822971,898,0,-0.019607843,-0.090909091,-0.090909091,-0.107142857,100.55,100.92,22428.7,76.07266,5.806726,0.951513,1.2,0.009889,158.8613,0.99433895,33.8123971,
2013/11/30,2.5,444,76.84743,37718.81,5.796101,929,0,0,-0.019607843,-0.090909091,-0.090909091,100.64,100.83,22630.9,76.84743,5.6785,0.931986,1.2,0.009889,158.8613,0.99522896,32.91315953,
2013/12/31,2.5,884,76.76711,42159.35,5.899117,1651,0,0,0,-0.019607843,-0.090909091,100.51,100.57,22878,76.76711,5.458667,0.89869,1.2,0.009889,158.8613,0.99394339,32.2013153,
2014/1/31,2.5,362,78.27336,38018.86,5.944202,2099,0,0,0,0,-0.019607843,100.25,100.28,23101,78.27336,5.3623,0.886018,0.8,0.003106,160.284,0.3113765,31.87459438,
2014/2/28,2.5,369,77.20936,38232.45,5.875463,1943,0,0,0,0,0,99.94,100.02,23091.9,77.20936,5.454933,0.896519,0.8,0.003106,160.284,0.31041364,32.05025701,
2014/3/31,2.5,736,77.28114,39205.67,5.874077,1537,0,0,0,0,0,99.67,99.83,23106.6,77.28114,5.605882,0.907791,0.8,0.003106,160.284,0.30957502,32.92938252,
2014/4/30,2.5,325,76.68603,41364.84,5.802207,392,0,0,0,0,0,99.5,99.64,23159.6,76.68603,5.796355,0.931245,0.6,-0.00324,156.1085,-0.32238,33.63165156,
2014/5/31,2.5,489,77.06589,36922.27,5.930646,-464,0,0,0,0,0,99.54,99.39,23101.2,77.06589,5.808513,0.930961,0.6,-0.00324,156.1085,-0.3225096,34.44823439,
2014/6/30,2.5,1271,76.27539,40213.5,6.049574,-360,0,0,0,0,0,99.87,99.3,23226,76.27539,5.837467,0.937071,0.6,-0.00324,156.1085,-0.3235788,35.31418859,
2014/7/31,2.5,433,77.76364,37896.26,6.181221,169,0,0,0,0,0,100.32,99.37,23401.5,77.76364,5.819958,0.938917,0.5,-0.00248,162.1089,-0.2487936,35.97444661,
2014/8/29,2.5,381,78.52531,37013.33,6.106162,-279,0,0,0,0,0,100.66,99.45,23435.9,78.52531,5.726548,0.930605,0.5,-0.00248,162.1089,-0.2496368,34.96722979,
2014/9/30,2.5,910,81.59531,39053.27,6.23683,-1306,0,0,0,0,0,100.71,99.41,23682.4,81.59531,5.555522,0.90483,0.5,-0.00248,162.1089,-0.2497608,34.64884628,
2014/10/31,2.5,389,82.36949,38061.35,6.358211,-219,0,0,0,0,0,100.61,99.38,23772.7,82.36949,5.380648,0.878504,0.5,-0.00049,161.1475,-0.0492989,34.2112953,
2014/11/28,2.5,337,83.87955,38770.3,6.296422,-958,0,0,0,0,0,100.5,99.34,23779.5,83.87955,5.294476,0.864276,0.5,-0.00049,161.1475,-0.049245,33.33625516,
2014/12/31,2.5,1081,85.53968,43354.62,6.102751,-155,0,0,0,0,0,100.48,99.26,23849.2,85.53968,5.109245,0.825332,0.5,-0.00049,161.1475,-0.0492352,31.18045003,
2015/1/30,2.5,296,90.14595,39646.3,6.348188,-548,0,0,0,0,0,100.53,99.4,23979.4,90.14595,5.024,0.8077,0.2,0.002216,154.333,0.22277448,31.89329651,
2015/2/27,2.28,409,90.0904,40369.65,6.152752,-1355,-0.088,-0.088,0,-0.088,-0.088,100.56,99.67,24144.5,90.0904,4.871157,0.778995,0.2,0.002216,154.333,0.22284096,29.97102097,
2015/3/31,2.25,1355,92.50619,41665.36,6.1021,-1175,-0.013157895,-0.1,-0.088,-0.1,-0.1,100.54,99.77,24127.8,92.50619,4.82017,0.772691,0.2,0.002216,154.333,0.22279664,29.41315936,
2015/4/30,2.25,274,89.40288,42807.05,6.109776,-3092,0,-0.013157895,-0.1,-0.1,-0.1,100.5,99.76,24187.7,89.40288,4.807157,0.775071,0.2,-0.00472,145.8708,-0.47436,29.37065247,
2015/5/29,2.04,487,91.17773,39044.81,5.93177,-2474,-0.093333333,-0.093333333,-0.013157895,-0.184,-0.184,100.52,99.73,24226.4,91.17773,4.89575,0.789471,0.2,-0.00472,145.8708,-0.4744544,29.04046298,
2015/6/30,2,2922,90.15415,43039.14,6.009126,-2719,-0.019607843,-0.111111111,-0.093333333,-0.122807018,-0.2,100.64,99.52,24380.6,90.15415,4.791959,0.772136,0.2,-0.00472,145.8708,-0.4750208,28.79548542,
2015/7/31,2,674,92.27682,41695.7,6.285072,-1578,0,-0.019607843,-0.111111111,-0.111111111,-0.122807018,100.79,99.39,24476.5,92.27682,4.605329,0.741775,0.7,0.00509,145.1031,0.5130211,28.94482435,
2015/8/31,2,336,92.12286,39330.86,6.090476,-2113,0,0,-0.019607843,-0.111111111,-0.111111111,100.86,99.47,24560.2,92.12286,4.628514,0.728729,0.7,0.00509,145.1031,0.5133774,28.18985343,
2015/9/30,2,712,92.65296,39838.82,6.174083,-2085,0,0,0,-0.019607843,-0.111111111,100.78,99.54,24635.3,92.65296,4.491104,0.705187,0.7,0.00509,145.1031,0.5129702,27.72844886,
2015/10/30,2,516,92.2775,39111.59,5.914893,-2339,0,0,0,0,-0.019607843,100.66,99.73,24763.7,92.2775,4.575177,0.720505,0.5,-0.0022,138.5771,-0.221452,27.06168241,
2015/11/30,2,485,95.07188,39401.1,5.849951,-2591,0,0,0,0,0,100.63,99.92,24819.6,95.07188,4.559586,0.715627,0.5,-0.0022,138.5771,-0.221386,26.67335468,
2015/12/31,2,1175,94.82095,43851.05,5.736501,-3220,0,0,0,0,0,100.8,99.94,24912,94.82095,4.679027,0.725091,0.5,-0.0022,138.5771,-0.22176,26.84124306,
2016/1/29,2,728,96.05218,41722.95,6.036926,-2844,0,0,0,0,0,101.02,99.86,24998.1,96.05218,4.6133,0.70189,0.4,0.004787,138.8003,0.48358274,27.85015072,
2016/2/29,2,476,94.00856,40030.95,5.692556,-2620,0,0,0,0,0,101.11,99.85,24990.4,94.00856,4.668118,0.71285,0.4,0.004787,138.8003,0.48401357,26.57352313,
2016/3/31,2,954,90.45369,43357.19,5.65165,-2025,0,0,0,0,0,100.9,99.79,25118.1,90.45369,4.871909,0.749109,0.4,0.004787,138.8003,0.4830083,27.5343245,
2016/4/29,2,946,88.72728,42347.75,5.642404,-1111,0,0,0,0,0,100.56,99.79,25091.4,88.72728,4.962429,0.766162,-0.2,0.012587,139.6871,1.26574872,28.00002924,
2016/5/31,1.77,909,91.56842,40607.41,5.721905,-1487,-0.115,-0.115,0,-0.115,-0.115,100.3,99.96,24999.1,91.56842,4.779417,0.731883,-0.2,0.012587,139.6871,1.2624761,27.34737003,
2016/6/30,1.75,1720,91.62067,43079.9,5.697177,-2557,-0.011299435,-0.125,-0.115,-0.125,-0.125,100.29,100.03,25166,91.62067,4.879286,0.739755,-0.2,0.012587,139.6871,1.26235023,27.79815598,
2016/7/29,1.75,444,91.07138,41808.43,5.706933,-1115,0,-0.011299435,-0.125,-0.125,-0.125,100.48,100,25153.5,91.07138,5.025323,0.752573,0.4,0.009285,141.4768,0.9329568,28.67918166,
2016/8/31,1.52,607,91.63225,39249.83,5.621182,-1487,-0.131428571,-0.131428571,-0.011299435,-0.24,-0.24,100.79,100.03,25330.1,91.63225,5.071678,0.762457,0.4,0.009285,141.4768,0.93583515,28.50882508,
2016/9/30,1.5,673,91.0406,39969.36,5.667501,-248,-0.013157895,-0.142857143,-0.131428571,-0.152542373,-0.25,101.19,100.05,25550.6,91.0406,5.068635,0.75963,0.4,0.009285,141.4768,0.93954915,28.72649393,
2016/10/31,1.5,439,93.75814,40276.29,5.603167,-609,0,-0.013157895,-0.142857143,-0.142857143,-0.152542373,101.59,100.04,25588.7,93.75814,5.127905,0.761581,0.7,0.034682,143.1224,3.52334438,28.73250808,
2016/11/30,1.5,503,96.20411,41503.82,5.767694,2800,0,0,-0.013157895,-0.142857143,-0.142857143,101.87,99.93,25618.9,96.20411,5.153691,0.7533,0.7,0.034682,143.1224,3.53305534,29.72491266,
2016/12/30,1.5,1799,96.71823,46684.05,5.829663,4709,0,0,0,-0.013157895,-0.142857143,101.93,99.77,25719.9,96.71823,5.090952,0.735543,0.7,0.034682,143.1224,3.53513626,29.67853451,
2017/1/31,1.5,557,94.12024,41066.05,5.678364,1366,0,0,0,0,-0.013157895,101.85,99.74,25728.6,94.12024,5.143748,0.745838,0.5,0.011375,145.6637,1.15854375,29.20807347,
2017/2/28,1.5,282,95.27496,42239.05,5.889674,2755,0,0,0,0,0,101.72,99.82,25675,95.27496,5.271343,0.766862,0.5,0.011375,145.6637,1.157065,31.04649181,
2017/3/31,1.5,1248,94.98193,42506.17,5.845551,2188,0,0,0,0,0,101.57,99.85,25679,94.98193,5.258725,0.762438,0.5,0.011375,145.6637,1.15535875,30.74014518,
2017/4/28,1.5,441,94.70842,47390.88,5.603538,-28,0,0,0,0,0,101.42,99.8,25879.1,94.70842,5.188839,0.752978,0.5,-0.00355,148.477,-0.360041,29.07585651,
2017/5/31,1.5,735,93.06115,41275.57,5.548167,1972,0,0,0,0,0,101.32,99.69,25944.1,93.06115,5.11835,0.743421,0.5,-0.00355,148.477,-0.359686,28.39746056,
2017/6/30,1.5,1100,91.45445,46401.57,5.625497,993,0,0,0,0,0,101.29,99.57,26020.3,91.45445,5.149232,0.756495,0.5,-0.00355,148.477,-0.3595795,28.96698917,
2017/7/31,1.5,984,88.75915,42611.33,5.62283,1064,0,0,0,0,0,101.31,99.52,26054.4,88.75915,5.281823,0.780186,0.2,0.009203,145.4181,0.93235593,29.69879282,
2017/8/31,1.5,571,88.78562,39564.26,5.533931,813,0,0,0,0,0,101.38,99.54,25883.9,88.78562,5.27687,0.791452,0.2,0.009203,145.4181,0.93300014,29.20183448,
2017/9/29,1.5,731,89.00357,40771.52,5.463799,1287,0,0,0,0,0,101.5,99.7,25940.7,89.00357,5.235868,0.796618,0.2,0.009203,145.4181,0.9341045,28.60773034,
2017/10/31,1.5,609,90.66911,40780.77,5.409072,851,0,0,0,0,0,101.61,99.9,25995.3,90.66911,5.155318,0.778295,0.6,0.004282,150.2803,0.43509402,27.88548624,
2017/11/30,1.5,343,89.57831,41659.41,5.452311,925,0,0,0,0,0,101.66,100.06,26275.6,89.57831,5.047283,0.762326,0.6,0.004282,150.2803,0.43530812,27.51935662,
2017/12/29,1.5,1279,88.37194,46856.47,5.604458,-874,0,0,0,0,0,101.59,100.23,26427.7,88.37194,5.04098,0.76459,0.6,0.004282,150.2803,0.43500838,28.25196069,
2018/1/31,1.5,529,85.69,41801.95,5.516308,1300,0,0,0,0,0,101.49,100.33,26369,85.69,5.110886,0.794909,0.6,0.014064,146.0422,1.42735536,28.19322133,
2018/2/28,1.5,310,87.43839,44238.8,5.575785,987,0,0,0,0,0,101.44,100.31,26448.2,87.43839,4.977543,0.787552,0.6,0.014064,146.0422,1.42665216,27.7537096,
2018/3/29,1.5,874,87.18535,44992.38,5.530399,798,0,0,0,0,0,101.53,100.25,26430.3,87.18535,4.905882,0.776114,0.6,0.014064,146.0422,1.42791792,27.13148491,
2018/4/30,1.5,538,88.53249,46450.21,5.534603,1663,0,0,0,0,0,101.67,100.19,26525.5,88.53249,4.84428,0.769125,0.4,0.008089,144.9302,0.82240863,26.81116662,
2018/5/31,1.5,556,90.25746,41478.35,5.435206,1253,0,0,0,0,0,101.73,100.2,26612.4,90.25746,4.798017,0.752846,0.4,0.008089,144.9302,0.82289397,26.07821079,
2018/6/29,1.5,1752,90.95504,46269.2,5.343014,1786,0,0,0,0,0,101.64,100.26,26718,90.95504,4.846824,0.748905,0.4,0.008089,144.9302,0.82216596,25.89664849,
2018/7/31,1.5,573,90.76363,44375.32,5.321597,2979,0,0,0,0,0,101.48,100.35,26716.6,90.76363,4.977061,0.740678,0.4,0.006954,141.1222,0.70569192,26.48591289,
2018/8/31,1.5,608,91.26634,41847.43,5.251172,2627,0,0,0,0,0,101.38,100.3,26893.2,91.26634,5.015765,0.732291,0.4,0.006954,141.1222,0.70499652,26.33864473,
2018/9/28,1.5,640,91.07281,43812.25,5.019262,3252,0,0,0,0,0,101.45,100.19,26908.7,91.07281,4.939171,0.720386,0.4,0.006954,141.1222,0.7054833,24.79099331,
2018/10/31,1.5,450,92.76583,42917,5.010809,3512,0,0,0,0,0,101.58,100.17,27042.2,92.76583,4.91727,0.710204,0.4,0.007833,141.8902,0.79567614,24.63950077,
2018/11/30,1.5,560,93.04872,41822.14,5.104875,3254,0,0,0,0,0,101.65,100.23,26888,93.04872,5.031778,0.72493,0.4,0.007833,141.8902,0.79622445,25.68659772,
2018/12/31,1.5,1622,92.90398,48327.53,5.005143,4866,0,0,0,0,0,101.58,100.23,27229.9,92.90398,4.943365,0.717985,0.4,0.007833,141.8902,0.79567614,24.74224873,
2019/1/31,1.5,337,91.5499,44581.57,5.039638,4588,0,0,0,0,0,101.46,100.16,27213.8,91.5499,4.851768,0.714973,0.5,0.009622,140.9198,0.97624812,24.45115438,
2019/2/28,1.5,432,92.1101,45952.35,4.982993,4649,0,0,0,0,0,101.43,100.12,27298.1,92.1101,4.811638,0.71441,0.5,0.009622,140.9198,0.97595946,23.97635847,
2019/3/29,1.5,1182,93.07924,47276.9,5.089209,4122,0,0,0,0,0,101.58,100.03,27273.1,93.07924,4.752741,0.708109,0.5,0.009622,140.9198,0.97740276,24.18769227,
2019/4/30,1.5,873,93.53933,49734.63,5.208421,5137,0,0,0,0,0,101.75,100.01,27188.8,93.53933,4.77666,0.711145,0,0.010242,137.3714,1.0421235,24.87885625,
2019/5/31,1.5,1384,93.88318,44443.09,5.196172,6363,0,0,0,0,0,101.73,100,27287.8,93.88318,4.762317,0.694754,0,0.010242,137.3714,1.04191866,24.74581825,
2019/6/28,1.28,1478,91.97128,48822.89,5.261286,7228,-0.146666667,-0.146666667,0,-0.146666667,-0.146666667,101.37,99.93,27387.6,91.97128,4.791335,0.694555,0,0.010242,137.3714,1.03823154,25.20858376,
2019/7/31,1.02,837,93.48835,46986.87,5.314046,8765,-0.203125,-0.32,-0.146666667,-0.32,-0.32,100.91,99.82,27386.6,93.48835,4.802908,0.698317,0.6,0.008779,136.1967,0.88588889,25.52287405,
2019/8/30,1,608,94.11855,44999.73,5.272176,6709,-0.019607843,-0.21875,-0.32,-0.333333333,-0.333333333,100.67,99.75,27539.8,94.11855,4.784491,0.676932,0.6,0.008779,136.1967,0.88378193,25.22467862,
2019/9/30,1,602,94.43179,45709.71,5.224456,5837,0,-0.019607843,-0.21875,-0.333333333,-0.333333333,100.89,99.62,27564.9,94.43179,4.844005,0.680536,0.6,0.008779,136.1967,0.88571331,25.30729099,
2019/10/31,0.76,420,92.75729,44439.78,5.316284,4184,-0.24,-0.24,-0.019607843,-0.40625,-0.493333333,101.26,99.47,27681.7,92.75729,4.823365,0.680152,0.5,-0.00617,134.8374,-0.6247742,25.64237818,
2019/11/29,0.75,665,93.7545,45903.38,5.163894,5733,-0.013157895,-0.25,-0.24,-0.264705882,-0.4140625,101.37,99.45,27690.7,93.7545,4.793314,0.682691,0.5,-0.00617,134.8374,-0.6254529,24.7521654,
2019/12/31,0.75,1985,91.79796,49684.35,5.024524,5246,0,-0.013157895,-0.25,-0.25,-0.264705882,100.87,99.39,27970.6,91.79796,4.82861,0.688305,0.5,-0.00617,134.8374,-0.6223679,24.26146683,
2020/1/31,0.75,769,93.1,45228.48,5.237206,4672,0,0,-0.013157895,-0.25,-0.25,100.01,99.29,27835.5,93.1,4.752064,0.686368,0.7,0.000696,134.4376,0.06960696,24.88753809,
2020/2/28,0.75,548,94.1,47612.3,5.101227,4384,0,0,0,-0.013157895,-0.25,99.11,99.12,27855.1,94.1,4.666024,0.666643,0.7,0.000696,134.4376,0.06898056,23.80244761,
2020/3/31,0.43,1462,95.7,50938.77,5.193246,9233,-0.426666667,-0.426666667,0,-0.426666667,-0.434210526,98.4,98.73,29930.5,95.7,4.368678,0.622687,0.7,0.000696,134.4376,0.0684864,22.68761955,
2020/4/30,0.25,1026,95.2,42320,6.288867,6562,-0.418604651,-0.666666667,-0.426666667,-0.666666667,-0.666666667,97.93,98.32,24813.2,95.2,4.465071,0.631062,0.3,-0.0688,129.9464,-6.737584,28.08023766,
2020/5/29,0.25,622,94.6,37670.19,6.980139,5027,0,-0.418604651,-0.666666667,-0.666666667,-0.666666667,97.81,98.43,28776.6,94.6,4.631341,0.651636,0.3,-0.0688,129.9464,-6.729328,32.32740394,
2020/6/30,0.25,1281,93.6,41852.43,7.426228,4867,0,0,-0.418604651,-0.666666667,-0.666666667,98.16,98.6,29633.4,93.6,4.882186,0.689073,0.3,-0.0688,129.9464,-6.753408,36.25622637,
2020/7/31,0.25,1384,90.1,39497.43,7.506954,2983,0,0,0,-0.418604651,-0.666666667,98.79,98.54,30751.8,90.1,4.932208,0.703617,-1.9,0.039928,130.984,3.94448712,37.02585857,
2020/8/31,0.25,553,88.8,38603.29,6.819945,1885,0,0,0,0,-0.418604651,99.55,98.61,29472.5,88.8,4.990095,0.720657,-1.9,0.039928,130.984,3.9748324,34.03217344,
2020/9/30,0.25,1017,90.5,39068.68,6.923209,4390,0,0,0,0,0,100.34,99.27,29093.5,90.5,4.926961,0.723222,-1.9,0.039928,130.984,4.00637552,34.11038074,
2020/10/30,0.25,935,90.7,38780.5,6.976831,5459,0,0,0,0,0,101.07,100.11,29710.5,90.7,4.788573,0.712359,1.6,0.042956,139.5609,4.34156292,33.40906455,
2020/11/30,0.11,1394,88.6,40007,6.790964,3165,-0.56,-0.56,0,-0.56,-0.56,101.62,100.69,31254.1,88.6,4.800627,0.727055,1.6,0.042956,139.5609,4.36518872,32.60088513,
2020/12/31,0.1,1254,86.7,45360.19,6.533243,6491,-0.090909091,-0.6,-0.56,-0.6,-0.6,101.86,100.97,30930.7,86.7,4.925132,0.752873,1.6,0.042956,139.5609,4.37549816,32.17708416,
2021/1/29,0.1,406,87.2,41969.74,6.265737,7757,0,-0.090909091,-0.6,-0.6,-0.6,101.88,101,30779.4,87.2,4.995215,0.77218,0.9,0.040432,138.6932,4.11921216,31.29870345,
2021/2/26,0.1,878,87.4,42252.15,5.831683,7170,0,0,-0.090909091,-0.6,-0.6,101.74,101.12,30397.9,87.4,5.011405,0.77581,0.9,0.040432,138.6932,4.11355168,29.22492534,
2021/3/31,0.1,1332,88.9,43949.39,5.660141,5885,0,0,0,-0.090909091,-0.6,101.42,101.35,30609.1,88.9,5.016883,0.770629,0.9,0.040432,138.6932,4.10061344,28.39626516,
2021/4/30,0.1,491,87.1,44957,5.455474,8447,0,0,0,0,-0.090909091,101.02,101.51,30972.4,87.1,5.02159,0.770676,0.6,0.026502,144.8421,2.67723204,27.39515368,
2021/5/31,0.1,809,86,41616.48,5.094978,9156,0,0,0,0,0,100.66,101.32,30970.1,86,4.988577,0.775786,0.6,0.026502,144.8421,2.66769132,25.41669007,
2021/6/30,0.1,2484,88.2,45023.9,5.02899,10222,0,0,0,0,0,100.4,100.99,30539.4,88.2,4.908845,0.763936,0.6,0.026502,144.8421,2.6608008,24.68653242,
2021/7/30,0.1,1099,88,43819.45,4.778764,13721,0,0,0,0,0,100.31,100.76,29782.5,88,4.805326,0.742287,0.8,-0.01884,144.9078,-1.8898404,22.9635189,
2021/8/31,0.1,914,88.7,40335.73,4.596949,12973,0,0,0,0,0,100.49,100.57,29205.7,88.7,4.729814,0.730245,0.8,-0.01884,144.9078,-1.8932316,21.74271374,
2021/9/30,0.1,1518,90,40082.36,4.707222,10106,0,0,0,0,0,101,100.51,29692.5,90,4.725317,0.7317,0.8,-0.01884,144.9078,-1.90284,22.24311614,
2021/10/29,0.1,723,89.4,40161.33,5.267834,10566,0,0,0,0,0,101.6,100.48,31195.4,89.4,4.756233,0.740976,0.8,0.020084,139.8255,2.0405344,25.05504591,
2021/11/30,0.1,866,91.5,40853.45,4.613064,9636,0,0,0,0,0,101.95,100.44,32870.1,91.5,4.668148,0.730583,0.8,0.020084,139.8255,2.0475638,21.53446549,
2021/12/31,0.1,1940,91.2,46785,4.180562,7363,0,0,0,0,0,101.8,100.35,32547.2,91.2,4.556414,0.715536,0.8,0.020084,139.8255,2.0445512,19.04837122,
2022/1/31,0.1,904,91.7,42954.21,4.159094,12795,0,0,0,0,0,101.42,100.19,32826.4,91.7,4.55869,0.71709,1.3,0.028777,139.8244,2.91856334,18.96002023,
2022/2/28,0.1,795,91.5,42528,4.017978,8241,0,0,0,0,0,101.17,99.97,33153.9,91.5,4.541538,0.715881,1.3,0.028777,139.8244,2.91136909,18.24779977,
2022/3/31,0.1,1298,92.2,43184.17,3.968065,10403,0,0,0,0,0,101.28,99.67,33563.1,92.2,4.678817,0.737338,1.3,0.028777,139.8244,2.91453456,18.56584998,
2022/4/29,0.1,872,96.5,47442.61,3.846243,14073,0,0,0,0,0,101.57,99.32,33895.9,96.5,4.749832,0.738437,2.1,0.026693,140.8441,2.71120801,18.26900808,
2022/5/31,0.33,846,95.1,42506.82,3.927735,15133,2.3,2.3,0,2.3,2.3,101.76,98.88,34022.6,95.1,4.726713,0.705787,2.1,0.026693,140.8441,2.71627968,18.56527609,
2022/6/30,0.73,3135,97.7,46068.9,3.615558,18721,1.212121212,6.3,2.3,6.3,6.3,101.63,98.47,34366.2,97.7,4.700355,0.702391,2.1,0.026693,140.8441,2.71280959,16.99440612,
2022/7/29,1.28,749,98.3,45038.9,3.497184,11579,0.753424658,2.878787879,6.3,11.8,11.8,101.29,98.19,34627.2,98.3,4.62045,0.686177,1.8,-0.01273,146.5937,-1.2894217,16.15856381,
2022/8/31,1.81,658,100.6,42559.48,3.552039,12190,0.4140625,1.479452055,2.878787879,17.1,17.1,100.88,98.03,34799.2,100.6,4.736004,0.695752,1.8,-0.01273,146.5937,-1.2842024,16.82247091,
2022/9/30,2.25,1460,104.5,46411.9,3.603805,15506,0.243093923,0.7578125,1.479452055,5.818181818,21.5,100.5,98.02,34958.2,104.5,4.687309,0.667905,1.8,-0.01273,146.5937,-1.279365,16.89214761,
2022/10/31,2.58,597,103.9,46174.33,3.458095,14726,0.146666667,0.425414365,0.7578125,2.534246575,6.818181818,100.17,97.95,35143.6,103.9,4.581795,0.636371,1.8,-0.00024,147.4503,-0.0240408,15.84428238,
2022/11/30,2.84,672,100.2,44674.18,3.49622,14614,0.100775194,0.262222222,0.425414365,1.21875,2.890410959,99.94,97.81,35312.1,100.2,4.736291,0.659848,1.8,-0.00024,147.4503,-0.0239856,16.55911532,
2022/12/30,3.05,1865,97.8,50988.4,3.49455,12517,0.073943662,0.182170543,0.262222222,0.685082873,1.3828125,99.83,97.8,35070.1,97.8,4.714057,0.675305,1.8,-0.00024,147.4503,-0.0239592,16.47350789,
2023/1/31,3.1,602,96.3,45428.45,3.652575,11179,0.016393443,0.091549296,0.182170543,0.377777778,0.712707182,99.8,97.82,35367.1,96.3,4.718729,0.69529,1.9,0.014889,146.8014,1.4859222,17.23551158,
2023/2/28,3.29,786,98.8,47467.9,3.591958,13973,0.061290323,0.078688525,0.091549296,0.275193798,0.462222222,99.79,97.75,35292.9,98.8,4.723067,0.690581,1.9,0.014889,146.8014,1.48577331,16.9650583,
2023/3/31,3.54,1649,96.9,48978.52,3.572723,14012,0.075987842,0.141935484,0.078688525,0.246478873,0.372093023,99.81,97.78,35390.6,96.9,4.611333,0.668817,1.9,0.014889,146.8014,1.48607109,16.47501547,
2023/4/28,3.6,600,96.3,53751.47,3.697474,9961,0.016949153,0.094224924,0.141935484,0.180327869,0.267605634,99.83,97.89,35336.5,96.3,4.608128,0.669,1.4,-0.01582,147.6459,-1.5793106,17.03843347,
2023/5/31,3.83,902,98.6,46996.13,3.573688,10532,0.063888889,0.081920904,0.094224924,0.235483871,0.255737705,99.88,97.81,35397.7,98.6,4.644242,0.664446,1.4,-0.01582,147.6459,-1.5801016,16.5970719,
2023/6/30,4.05,2833,96.8,51472.57,3.533966,9868,0.057441253,0.125,0.081920904,0.23100304,0.306451613,99.97,97.76,35174.6,96.8,4.805059,0.670455,1.4,-0.01582,147.6459,-1.5815254,16.98091513,
2023/7/31,4.1,1274,95.7,49488.24,3.773714,7375,0.012345679,0.070496084,0.125,0.15819209,0.246200608,100.07,97.78,35300.4,95.7,4.840832,0.673505,0.8,-0.00423,147.1036,-0.4232961,18.26791549,
2023/8/31,4.1,633,97.8,48309.26,3.708836,10358,0,0.012345679,0.070496084,0.138888889,0.15819209,100.17,97.8,35396.3,97.8,4.707413,0.648804,0.8,-0.00423,147.1036,-0.4237191,17.4590228,
2023/9/29,4.1,2073,99.6,49741.19,3.571451,6199,0,0,0.012345679,0.070496084,0.138888889,100.24,97.81,35631.2,99.6,4.688059,0.642614,0.8,-0.00423,147.1036,-0.4240152,16.743173,
2023/10/31,4.1,978,100.6,49255.55,3.799502,8814,0,0,0,0.012345679,0.070496084,100.3,97.84,35544.5,100.6,4.64,0.634995,1.2,0.009717,148.4485,0.9746151,17.62968928,
2023/11/30,4.29,777,97.6,47974.91,3.907094,11758,0.046341463,0.046341463,0,0.046341463,0.059259259,100.33,97.85,36077.7,97.6,4.692917,0.649865,1.2,0.009717,148.4485,0.97490661,18.33566785,
2023/12/29,4.35,2232,95.4,54996.37,3.947877,9804,0.013986014,0.06097561,0.046341463,0.06097561,0.06097561,100.36,97.93,35364.4,95.4,4.77829,0.669055,1.2,0.009717,148.4485,0.97519812,18.86410119,
2024/1/31,4.35,625,97.1,49714,4.077788,9105,0,0.013986014,0.06097561,0.06097561,0.06097561,100.39,98.03,35728.9,97.1,4.768264,0.664877,0.6,0.001746,149.1026,0.17528094,19.44396972,
2024/2/29,4.35,629,98.2,50221.71,3.717559,7196,0,0,0.013986014,0.06097561,0.06097561,100.47,98.17,35859.1,98.2,4.697205,0.652955,0.6,0.001746,149.1026,0.17542062,17.46213672,
2024/3/28,4.35,736,98.5,53657.4,3.869125,4103,0,0,0,0.013986014,0.06097561,100.64,98.16,35722.3,98.5,4.722952,0.655767,0.6,0.001746,149.1026,0.17571744,18.27369166,
2024/4/30,4.35,1622,100,59976.1,4.074477,5685,0,0,0,0,0.013986014,100.86,98.04,35809.5,100,4.714067,0.651229,1,0.001062,151.2755,0.10711332,19.20735757,
2024/5/31,4.35,1365,98.8,48494.52,4.004903,5052,0,0,0,0,0,101.1,97.89,36014.3,98.8,4.788358,0.661858,1,0.001062,151.2755,0.1073682,19.17690932,